Accuracy,Precision,Recall,F1 Score,AUC,Parameters
0.8697109342270632,0.8690094024032335,0.8697109342270632,0.8691994435872958,0.9700362061278797,115299
