Accuracy,Precision,Recall,F1 Score,AUC,Training Time,Parameters
0.9078341013824884,0.9078009401980888,0.9078341013824884,0.9076600407211761,0.9842957382857858,15197.199128389359,2619203
